<MidiCommands Author="dylan" Version="2.0" AutoRestartMidiThread="1" IndexNetworkDevice="-1" AutoSave="0">
  <DockingPaneConsolsLayouts CompactMode="1">
    <Common>
      <Summary Panes="7" TopContainer="2" Client="3" />
      <Pane-1 Type="0" DockingCX="300" DockingCY="120" Title="" ID="1" Options="1426" DockingHolder="4" FloatingHolder="7" LastHolder="4" MinTrackX="300" MinTrackY="150" FitToWindow="1" />
      <Pane-2 Type="2" Horiz="1" Panes="2" Pane-1="3" Pane-2="4" />
      <Pane-3 Type="4" />
      <Pane-4 Type="1" DockingCX="300" DockingCY="120" Panes="1" Selected="1" Pane-1="1" />
      <Pane-5 Type="3" WindowRectTopPos="200" WindowRectBottomPos="224" WindowRectLeftPos="100" WindowRectRightPos="324" TopContaner="6" />
      <Pane-6 Type="2" DockingCX="300" DockingCY="120" Horiz="1" Panes="1" Pane-1="7" />
      <Pane-7 Type="1" DockingCX="300" DockingCY="120" Panes="0" />
    </Common>
  </DockingPaneConsolsLayouts>
  <Preset SendEasyRemote="1" ID="1" File="" Name="" FileFromFolderType="0" />
</MidiCommands>
