<fxModel>
  <FxModel LibName="\_generic\rgb.ssl2" ID="1" Mode="0" DateYear="2017" DateMonth="10" DateDay="11" DateHour="14" DateMin="45" DateSec="9">
    <SSLLIBRARY>
      <SSLPROPERTIES SSLFIXTFAMILY="1" SSLFIXTTYPE="6" SSLSIZEX="99" SSLSIZEY="12" SSLSIZEZ="99" SSLWEIGHT="-1" SSLBEAMOPENING="1" SSLBEAMOPENING2="60" SSLAMPLIPAN="0" SSLAMPLITILT="0" SSLTIMEPAN="0" SSLTIMETILT="0" SSLPANCENTER="127" SSLTILTCENTER="127" SSLINVPAN="False" SSLINVTILT="False" SSLLAMPPOWER="-1" SSLLAMPLIFE="-1" SSLLAMPTEMP="7000" SSLBEAMTYPE="0" SSLICON="ScanLibrary\icon\Fixtures\_Generic\Panel.ico" SSL3DOBJECTFILE="Panels\Panel.x1" SSLCOLOR="16777215" SSLRDMMANUFACTURERID="0" SSLRDMFIXTUREID="0" SSLTYPEDRAW="1" SSLCREATOR="Unknown" />
      <SSLMODES SSLNBMODE="1">
        <SSLMODE SSLNBCHANNEL="3">
          <SSLCHANNEL SSLCHANNELTYPE="25" SSLCHANNELNAME="Red" SSLCHANNELTYPEINDEX="0" SSLCHANNELMINPRESETID="0" SSLCHANNELMSB="0" SSLCHANNELLSB="0" SSLCHANNEL2PRESETS="0">
            <SSLPRESETS SSLNBPRESET="0" />
          </SSLCHANNEL>
          <SSLCHANNEL SSLCHANNELTYPE="26" SSLCHANNELNAME="Green" SSLCHANNELTYPEINDEX="0" SSLCHANNELMINPRESETID="0" SSLCHANNELMSB="0" SSLCHANNELLSB="0" SSLCHANNEL2PRESETS="0">
            <SSLPRESETS SSLNBPRESET="0" />
          </SSLCHANNEL>
          <SSLCHANNEL SSLCHANNELTYPE="27" SSLCHANNELNAME="Blue" SSLCHANNELTYPEINDEX="0" SSLCHANNELMINPRESETID="0" SSLCHANNELMSB="0" SSLCHANNELLSB="0" SSLCHANNEL2PRESETS="0">
            <SSLPRESETS SSLNBPRESET="0" />
          </SSLCHANNEL>
        </SSLMODE>
      </SSLMODES>
    </SSLLIBRARY>
  </FxModel>
  <FxModel LibName="\_generic\par 64.ssl2" ID="2" Mode="0" DateYear="2017" DateMonth="10" DateDay="11" DateHour="14" DateMin="51" DateSec="16">
    <SSLLIBRARY>
      <SSLPROPERTIES SSLFIXTFAMILY="0" SSLFIXTTYPE="2" SSLSIZEX="25" SSLSIZEY="43" SSLSIZEZ="27" SSLWEIGHT="-1" SSLBEAMOPENING="16" SSLBEAMOPENING2="60" SSLAMPLIPAN="0" SSLAMPLITILT="0" SSLTIMEPAN="0" SSLTIMETILT="0" SSLPANCENTER="127" SSLTILTCENTER="127" SSLINVPAN="False" SSLINVTILT="False" SSLLAMPPOWER="-1" SSLLAMPLIFE="-1" SSLLAMPTEMP="4000" SSLBEAMTYPE="0" SSLICON="ScanLibrary\icon\Fixtures\_Generic\Par.ico" SSL3DOBJECTFILE="P053.x" SSLCOLOR="10543615" SSLRDMMANUFACTURERID="0" SSLRDMFIXTUREID="0" SSLTYPEDRAW="53" SSLCREATOR="Unknown" />
      <SSLMODES SSLNBMODE="1">
        <SSLMODE SSLNBCHANNEL="1">
          <SSLCHANNEL SSLCHANNELTYPE="7" SSLCHANNELNAME="Dimmer" SSLCHANNELTYPEINDEX="0" SSLCHANNELMINPRESETID="0" SSLCHANNELMSB="0" SSLCHANNELLSB="0" SSLCHANNEL2PRESETS="0">
            <SSLPRESETS SSLNBPRESET="1">
              <SSLPRESET SSLPRESETTYPE="4" SSLPRESETNAME="Intensity" SSLPRESETICON="ScanLibrary\icon\Presets\Dimmer\Dimmer" SSLPRESETDMXSTART="0" SSLPRESETDMXEND="255" SSLPRESETDMXDEFAULT="255" SSLPRESETSHOWDIMMER="1" SSLPRESETDEFAULTPRESET="1" SSLPRESETPARAMMIN="0" SSLPRESETPARAMMAX="100" />
            </SSLPRESETS>
          </SSLCHANNEL>
        </SSLMODE>
      </SSLMODES>
    </SSLLIBRARY>
  </FxModel>
  <FxModel LibName="_GENERIC\MOVING HEAD.SSL2" ID="3" Mode="0" DateYear="2020" DateMonth="1" DateDay="3" DateHour="9" DateMin="37" DateSec="56">
    <SSLLIBRARY>
      <SSLPROPERTIES SSLFIXTFAMILY="0" SSLFIXTTYPE="0" SSLSIZEX="39" SSLSIZEY="56" SSLSIZEZ="39" SSLWEIGHT="0" SSLBEAMOPENING="35" SSLBEAMOPENING2="60" SSLAMPLIPAN="540" SSLAMPLITILT="300" SSLTIMEPAN="1000" SSLTIMETILT="1000" SSLPANCENTER="127" SSLTILTCENTER="127" SSLINVPAN="False" SSLINVTILT="False" SSLLAMPPOWER="0" SSLLAMPLIFE="-1" SSLLAMPTEMP="7000" SSLLAMPTYPE="LED" SSLBEAMTYPE="0" SSLICON="ScanLibrary/icon/Fixtures/_Generic/Head.ico" SSLCOLOR="255" SSLRDMMANUFACTURERNAME="_Generic" SSLRDMMANUFACTURERID="0" SSLRDMFIXTURENAME="MOVING HEAD" SSLRDMFIXTUREID="0" SSLTYPEDRAW="203" SSLCREATOR="Unknow" />
      <SSLMODES SSLNBMODE="1">
        <SSLMODE SSLNBCHANNEL="18">
          <SSLCHANNEL SSLCHANNELTYPE="1" SSLCHANNELNAME="X" SSLCHANNELTYPEINDEX="0" SSLCHANNELMINPRESETID="0" SSLCHANNELMSB="1" SSLCHANNELLSB="0" SSLCHANNEL16BITSINDEX="2" SSLCHANNEL2PRESETS="0">
            <SSLPRESETS SSLNBPRESET="0" />
          </SSLCHANNEL>
          <SSLCHANNEL SSLCHANNELTYPE="2" SSLCHANNELNAME="Y" SSLCHANNELTYPEINDEX="0" SSLCHANNELMINPRESETID="0" SSLCHANNELMSB="1" SSLCHANNELLSB="0" SSLCHANNEL16BITSINDEX="3" SSLCHANNEL2PRESETS="0">
            <SSLPRESETS SSLNBPRESET="0" />
          </SSLCHANNEL>
          <SSLCHANNEL SSLCHANNELTYPE="1" SSLCHANNELNAME="�X" SSLCHANNELTYPEINDEX="0" SSLCHANNELMINPRESETID="0" SSLCHANNELMSB="0" SSLCHANNELLSB="1" SSLCHANNEL16BITSINDEX="0" SSLCHANNEL2PRESETS="0" />
          <SSLCHANNEL SSLCHANNELTYPE="2" SSLCHANNELNAME="�Y" SSLCHANNELTYPEINDEX="0" SSLCHANNELMINPRESETID="0" SSLCHANNELMSB="0" SSLCHANNELLSB="1" SSLCHANNEL16BITSINDEX="1" SSLCHANNEL2PRESETS="0" />
          <SSLCHANNEL SSLCHANNELTYPE="28" SSLCHANNELNAME="Cyan" SSLCHANNELTYPEINDEX="0" SSLCHANNELMINPRESETID="0" SSLCHANNELMSB="0" SSLCHANNELLSB="0" SSLCHANNEL2PRESETS="0">
            <SSLPRESETS SSLNBPRESET="0" />
          </SSLCHANNEL>
          <SSLCHANNEL SSLCHANNELTYPE="29" SSLCHANNELNAME="Magenta" SSLCHANNELTYPEINDEX="0" SSLCHANNELMINPRESETID="0" SSLCHANNELMSB="0" SSLCHANNELLSB="0" SSLCHANNEL2PRESETS="0">
            <SSLPRESETS SSLNBPRESET="0" />
          </SSLCHANNEL>
          <SSLCHANNEL SSLCHANNELTYPE="30" SSLCHANNELNAME="Yellow" SSLCHANNELTYPEINDEX="0" SSLCHANNELMINPRESETID="0" SSLCHANNELMSB="0" SSLCHANNELLSB="0" SSLCHANNEL2PRESETS="0">
            <SSLPRESETS SSLNBPRESET="0" />
          </SSLCHANNEL>
          <SSLCHANNEL SSLCHANNELTYPE="13" SSLCHANNELNAME="Iris" SSLCHANNELTYPEINDEX="0" SSLCHANNELMINPRESETID="0" SSLCHANNELMSB="0" SSLCHANNELLSB="0" SSLCHANNEL2PRESETS="0">
            <SSLPRESETS SSLNBPRESET="3">
              <SSLPRESET SSLPRESETTYPE="12" SSLPRESETNAME="IrisLinear" SSLPRESETICON="scanlibrary\icon\presets\iris\iris" SSLPRESETDMXSTART="0" SSLPRESETDMXEND="127" SSLPRESETDMXDEFAULT="127" SSLPRESETSHOWDIMMER="1" SSLPRESETDEFAULTPRESET="1" SSLPRESETPARAMMIN="0" SSLPRESETPARAMMAX="100" />
              <SSLPRESET SSLPRESETTYPE="14" SSLPRESETNAME="IrisPulsOp" SSLPRESETICON="scanlibrary\icon\presets\iris\irispulsop" SSLPRESETDMXSTART="128" SSLPRESETDMXEND="191" SSLPRESETDMXDEFAULT="159" SSLPRESETSHOWDIMMER="0" SSLPRESETDEFAULTPRESET="0" SSLPRESETPARAMMIN="46" SSLPRESETPARAMMAX="0" SSLPRESETLEVELMIN="0" SSLPRESETLEVELMAX="255" SSLPRESETEFFECTTYPE="0" SSLPRESETRANDOM="0" SSLPRESETPRIORITY="0" />
              <SSLPRESET SSLPRESETTYPE="14" SSLPRESETNAME="IrisPulsCl" SSLPRESETICON="scanlibrary\icon\presets\iris\irispulscl" SSLPRESETDMXSTART="192" SSLPRESETDMXEND="255" SSLPRESETDMXDEFAULT="223" SSLPRESETSHOWDIMMER="0" SSLPRESETDEFAULTPRESET="0" SSLPRESETPARAMMIN="0" SSLPRESETPARAMMAX="48" SSLPRESETLEVELMIN="0" SSLPRESETLEVELMAX="255" SSLPRESETEFFECTTYPE="1" SSLPRESETRANDOM="0" SSLPRESETPRIORITY="0" />
            </SSLPRESETS>
          </SSLCHANNEL>
          <SSLCHANNEL SSLCHANNELTYPE="14" SSLCHANNELNAME="Zoom" SSLCHANNELTYPEINDEX="0" SSLCHANNELMINPRESETID="0" SSLCHANNELMSB="0" SSLCHANNELLSB="0" SSLCHANNEL2PRESETS="0">
            <SSLPRESETS SSLNBPRESET="1">
              <SSLPRESET SSLPRESETTYPE="15" SSLPRESETNAME="Zoom" SSLPRESETICON="scanlibrary\icon\presets\zoom\zoom" SSLPRESETDMXSTART="0" SSLPRESETDMXEND="255" SSLPRESETDMXDEFAULT="255" SSLPRESETSHOWDIMMER="1" SSLPRESETDEFAULTPRESET="1" SSLPRESETPARAMMIN="10" SSLPRESETPARAMMAX="35" />
            </SSLPRESETS>
          </SSLCHANNEL>
          <SSLCHANNEL SSLCHANNELTYPE="7" SSLCHANNELNAME="Dimmer" SSLCHANNELTYPEINDEX="0" SSLCHANNELMINPRESETID="0" SSLCHANNELMSB="0" SSLCHANNELLSB="0" SSLCHANNEL2PRESETS="0">
            <SSLPRESETS SSLNBPRESET="3">
              <SSLPRESET SSLPRESETTYPE="4" SSLPRESETNAME="Intensity" SSLPRESETICON="scanlibrary\icon\presets\dimmer\dimmer" SSLPRESETDMXSTART="0" SSLPRESETDMXEND="127" SSLPRESETDMXDEFAULT="127" SSLPRESETSHOWDIMMER="1" SSLPRESETDEFAULTPRESET="1" SSLPRESETPARAMMIN="0" SSLPRESETPARAMMAX="100" />
              <SSLPRESET SSLPRESETTYPE="6" SSLPRESETNAME="DimOpen" SSLPRESETICON="scanlibrary\icon\presets\dimmer\dimopen" SSLPRESETDMXSTART="128" SSLPRESETDMXEND="191" SSLPRESETDMXDEFAULT="159" SSLPRESETSHOWDIMMER="0" SSLPRESETDEFAULTPRESET="0" SSLPRESETPARAMMIN="100" SSLPRESETPARAMMAX="100" SSLPRESETLEVELMIN="0" SSLPRESETLEVELMAX="255" SSLPRESETEFFECTTYPE="1" SSLPRESETRANDOM="0" SSLPRESETPRIORITY="0" />
              <SSLPRESET SSLPRESETTYPE="6" SSLPRESETNAME="DimClose" SSLPRESETICON="scanlibrary\icon\presets\dimmer\dimclose" SSLPRESETDMXSTART="192" SSLPRESETDMXEND="255" SSLPRESETDMXDEFAULT="223" SSLPRESETSHOWDIMMER="0" SSLPRESETDEFAULTPRESET="0" SSLPRESETPARAMMIN="100" SSLPRESETPARAMMAX="100" SSLPRESETLEVELMIN="0" SSLPRESETLEVELMAX="255" SSLPRESETEFFECTTYPE="0" SSLPRESETRANDOM="1" SSLPRESETPRIORITY="0" />
            </SSLPRESETS>
          </SSLCHANNEL>
          <SSLCHANNEL SSLCHANNELTYPE="5" SSLCHANNELNAME="Color" SSLCHANNELTYPEINDEX="0" SSLCHANNELMINPRESETID="0" SSLCHANNELMSB="0" SSLCHANNELLSB="0" SSLCHANNEL2PRESETS="0">
            <SSLPRESETS SSLNBPRESET="11">
              <SSLPRESET SSLPRESETTYPE="0" SSLPRESETNAME="Off" SSLPRESETICON="ScanLibrary\icon\Presets\Undef\Off" SSLPRESETDMXSTART="0" SSLPRESETDMXEND="0" SSLPRESETDMXDEFAULT="0" SSLPRESETSHOWDIMMER="0" SSLPRESETDEFAULTPRESET="1" />
              <SSLPRESET SSLPRESETTYPE="1" SSLPRESETNAME="White" SSLPRESETICON="scanlibrary\icon\cwhite" SSLPRESETDMXSTART="1" SSLPRESETDMXEND="12" SSLPRESETDMXDEFAULT="6" SSLPRESETSHOWDIMMER="0" SSLPRESETDEFAULTPRESET="0" SSLPRESETCOLOR="16777215" />
              <SSLPRESET SSLPRESETTYPE="1" SSLPRESETNAME="Cyan401" SSLPRESETICON="scanlibrary\icon\ccyan401" SSLPRESETDMXSTART="13" SSLPRESETDMXEND="31" SSLPRESETDMXDEFAULT="22" SSLPRESETSHOWDIMMER="0" SSLPRESETDEFAULTPRESET="0" SSLPRESETCOLOR="15724288" />
              <SSLPRESET SSLPRESETTYPE="1" SSLPRESETNAME="s_red_301" SSLPRESETICON="scanlibrary\icon\cs_red_301" SSLPRESETDMXSTART="32" SSLPRESETDMXEND="47" SSLPRESETDMXDEFAULT="39" SSLPRESETSHOWDIMMER="0" SSLPRESETDEFAULTPRESET="0" SSLPRESETCOLOR="5898462" />
              <SSLPRESET SSLPRESETTYPE="1" SSLPRESETNAME="Green206" SSLPRESETICON="scanlibrary\icon\cgreen206" SSLPRESETDMXSTART="48" SSLPRESETDMXEND="63" SSLPRESETDMXDEFAULT="55" SSLPRESETSHOWDIMMER="0" SSLPRESETDEFAULTPRESET="0" SSLPRESETCOLOR="40704" />
              <SSLPRESET SSLPRESETTYPE="1" SSLPRESETNAME="s_orange_302" SSLPRESETICON="scanlibrary\icon\cs_orange_302" SSLPRESETDMXSTART="64" SSLPRESETDMXEND="79" SSLPRESETDMXDEFAULT="71" SSLPRESETSHOWDIMMER="0" SSLPRESETDEFAULTPRESET="0" SSLPRESETCOLOR="33023" />
              <SSLPRESET SSLPRESETTYPE="1" SSLPRESETNAME="Yellow Y52" SSLPRESETICON="scanlibrary\icon\cyellow y52" SSLPRESETDMXSTART="80" SSLPRESETDMXEND="95" SSLPRESETDMXDEFAULT="87" SSLPRESETSHOWDIMMER="0" SSLPRESETDEFAULTPRESET="0" SSLPRESETCOLOR="57063" />
              <SSLPRESET SSLPRESETTYPE="1" SSLPRESETNAME="Blue111" SSLPRESETICON="scanlibrary\icon\cblue111" SSLPRESETDMXSTART="96" SSLPRESETDMXEND="111" SSLPRESETDMXDEFAULT="103" SSLPRESETSHOWDIMMER="0" SSLPRESETDEFAULTPRESET="0" SSLPRESETCOLOR="11468847" />
              <SSLPRESET SSLPRESETTYPE="1" SSLPRESETNAME="Purple502" SSLPRESETICON="scanlibrary\icon\cpurple502" SSLPRESETDMXSTART="112" SSLPRESETDMXEND="127" SSLPRESETDMXDEFAULT="119" SSLPRESETSHOWDIMMER="0" SSLPRESETDEFAULTPRESET="0" SSLPRESETCOLOR="10420431" />
              <SSLPRESET SSLPRESETTYPE="3" SSLPRESETNAME="RLoop" SSLPRESETICON="scanlibrary\icon\presets\rotation\colorrotright" SSLPRESETDMXSTART="128" SSLPRESETDMXEND="191" SSLPRESETDMXDEFAULT="159" SSLPRESETSHOWDIMMER="0" SSLPRESETDEFAULTPRESET="0" SSLPRESETTARGET="10" SSLPRESETPARAMMIN="50" SSLPRESETPARAMMAX="0" SSLPRESETLEVELMIN="0" SSLPRESETLEVELMAX="127" SSLPRESETEFFECTTYPE="0" SSLPRESETRANDOM="0" SSLPRESETPRIORITY="0" />
              <SSLPRESET SSLPRESETTYPE="3" SSLPRESETNAME="LLoop" SSLPRESETICON="scanlibrary\icon\presets\rotation\colorrotleft" SSLPRESETDMXSTART="192" SSLPRESETDMXEND="255" SSLPRESETDMXDEFAULT="223" SSLPRESETSHOWDIMMER="0" SSLPRESETDEFAULTPRESET="0" SSLPRESETTARGET="10" SSLPRESETPARAMMIN="0" SSLPRESETPARAMMAX="50" SSLPRESETLEVELMIN="0" SSLPRESETLEVELMAX="127" SSLPRESETEFFECTTYPE="1" SSLPRESETRANDOM="0" SSLPRESETPRIORITY="0" />
            </SSLPRESETS>
          </SSLCHANNEL>
          <SSLCHANNEL SSLCHANNELTYPE="8" SSLCHANNELNAME="Gobo" SSLCHANNELTYPEINDEX="0" SSLCHANNELMINPRESETID="0" SSLCHANNELMSB="0" SSLCHANNELLSB="0" SSLCHANNEL2PRESETS="0">
            <SSLPRESETS SSLNBPRESET="10">
              <SSLPRESET SSLPRESETTYPE="7" SSLPRESETNAME="Open" SSLPRESETICON="scanlibrary\icon\gopen" SSLPRESETDMXSTART="0" SSLPRESETDMXEND="15" SSLPRESETDMXDEFAULT="7" SSLPRESETSHOWDIMMER="0" SSLPRESETDEFAULTPRESET="1" SSLPRESETCOLOR="16777215" SSLPRESETROTARY="1" SSLPRESETSHAKE="1" SSLPRESETSELFROTARY="0" SSLPRESETINDEX="0" SSLPRESETPARAMMIN="0" SSLPRESETPARAMMAX="0" SSLPRESETLEVELMIN="0" SSLPRESETLEVELMAX="255" SSLPRESETEFFECTTYPE="0" SSLPRESETRANDOM="0" SSLPRESETPRIORITY="0" />
              <SSLPRESET SSLPRESETTYPE="7" SSLPRESETNAME="Abstract2" SSLPRESETICON="scanlibrary\icon\ghbar" SSLPRESETDMXSTART="16" SSLPRESETDMXEND="31" SSLPRESETDMXDEFAULT="23" SSLPRESETSHOWDIMMER="0" SSLPRESETDEFAULTPRESET="0" SSLPRESETCOLOR="16777215" SSLPRESETROTARY="1" SSLPRESETSHAKE="1" SSLPRESETSELFROTARY="0" SSLPRESETINDEX="0" SSLPRESETPARAMMIN="0" SSLPRESETPARAMMAX="0" SSLPRESETLEVELMIN="0" SSLPRESETLEVELMAX="255" SSLPRESETEFFECTTYPE="0" SSLPRESETRANDOM="0" SSLPRESETPRIORITY="0" />
              <SSLPRESET SSLPRESETTYPE="7" SSLPRESETNAME="FanHat" SSLPRESETICON="scanlibrary\icon\gfanhat" SSLPRESETDMXSTART="32" SSLPRESETDMXEND="47" SSLPRESETDMXDEFAULT="39" SSLPRESETSHOWDIMMER="0" SSLPRESETDEFAULTPRESET="0" SSLPRESETCOLOR="16777215" SSLPRESETROTARY="1" SSLPRESETSHAKE="1" SSLPRESETSELFROTARY="0" SSLPRESETINDEX="0" SSLPRESETPARAMMIN="0" SSLPRESETPARAMMAX="0" SSLPRESETLEVELMIN="0" SSLPRESETLEVELMAX="255" SSLPRESETEFFECTTYPE="0" SSLPRESETRANDOM="0" SSLPRESETPRIORITY="0" />
              <SSLPRESET SSLPRESETTYPE="7" SSLPRESETNAME="Phone" SSLPRESETICON="scanlibrary\icon\gdotcircle6" SSLPRESETDMXSTART="48" SSLPRESETDMXEND="63" SSLPRESETDMXDEFAULT="55" SSLPRESETSHOWDIMMER="0" SSLPRESETDEFAULTPRESET="0" SSLPRESETCOLOR="16777215" SSLPRESETROTARY="1" SSLPRESETSHAKE="1" SSLPRESETSELFROTARY="0" SSLPRESETINDEX="0" SSLPRESETPARAMMIN="0" SSLPRESETPARAMMAX="0" SSLPRESETLEVELMIN="0" SSLPRESETLEVELMAX="255" SSLPRESETEFFECTTYPE="0" SSLPRESETRANDOM="0" SSLPRESETPRIORITY="0" />
              <SSLPRESET SSLPRESETTYPE="7" SSLPRESETNAME="Tie" SSLPRESETICON="scanlibrary\icon\gtie" SSLPRESETDMXSTART="64" SSLPRESETDMXEND="79" SSLPRESETDMXDEFAULT="71" SSLPRESETSHOWDIMMER="0" SSLPRESETDEFAULTPRESET="0" SSLPRESETCOLOR="16777215" SSLPRESETROTARY="1" SSLPRESETSHAKE="1" SSLPRESETSELFROTARY="0" SSLPRESETINDEX="0" SSLPRESETPARAMMIN="0" SSLPRESETPARAMMAX="0" SSLPRESETLEVELMIN="0" SSLPRESETLEVELMAX="255" SSLPRESETEFFECTTYPE="0" SSLPRESETRANDOM="0" SSLPRESETPRIORITY="0" />
              <SSLPRESET SSLPRESETTYPE="7" SSLPRESETNAME="Abstract1" SSLPRESETICON="scanlibrary\icon\gabstract1" SSLPRESETDMXSTART="80" SSLPRESETDMXEND="95" SSLPRESETDMXDEFAULT="87" SSLPRESETSHOWDIMMER="0" SSLPRESETDEFAULTPRESET="0" SSLPRESETCOLOR="16777215" SSLPRESETROTARY="1" SSLPRESETSHAKE="1" SSLPRESETSELFROTARY="0" SSLPRESETINDEX="0" SSLPRESETPARAMMIN="0" SSLPRESETPARAMMAX="0" SSLPRESETLEVELMIN="0" SSLPRESETLEVELMAX="255" SSLPRESETEFFECTTYPE="0" SSLPRESETRANDOM="0" SSLPRESETPRIORITY="0" />
              <SSLPRESET SSLPRESETTYPE="7" SSLPRESETNAME="bigstar2" SSLPRESETICON="scanlibrary\icon\gstar2" SSLPRESETDMXSTART="96" SSLPRESETDMXEND="111" SSLPRESETDMXDEFAULT="103" SSLPRESETSHOWDIMMER="0" SSLPRESETDEFAULTPRESET="0" SSLPRESETCOLOR="16777215" SSLPRESETROTARY="1" SSLPRESETSHAKE="1" SSLPRESETSELFROTARY="0" SSLPRESETINDEX="0" SSLPRESETPARAMMIN="0" SSLPRESETPARAMMAX="0" SSLPRESETLEVELMIN="0" SSLPRESETLEVELMAX="255" SSLPRESETEFFECTTYPE="0" SSLPRESETRANDOM="0" SSLPRESETPRIORITY="0" />
              <SSLPRESET SSLPRESETTYPE="7" SSLPRESETNAME="Stars" SSLPRESETICON="scanlibrary\icon\gstars" SSLPRESETDMXSTART="112" SSLPRESETDMXEND="127" SSLPRESETDMXDEFAULT="119" SSLPRESETSHOWDIMMER="0" SSLPRESETDEFAULTPRESET="0" SSLPRESETCOLOR="16777215" SSLPRESETROTARY="1" SSLPRESETSHAKE="1" SSLPRESETSELFROTARY="0" SSLPRESETINDEX="0" SSLPRESETPARAMMIN="0" SSLPRESETPARAMMAX="0" SSLPRESETLEVELMIN="0" SSLPRESETLEVELMAX="255" SSLPRESETEFFECTTYPE="0" SSLPRESETRANDOM="0" SSLPRESETPRIORITY="0" />
              <SSLPRESET SSLPRESETTYPE="11" SSLPRESETNAME="RLoop" SSLPRESETICON="scanlibrary\icon\presets\rotation\rotright" SSLPRESETDMXSTART="128" SSLPRESETDMXEND="191" SSLPRESETDMXDEFAULT="159" SSLPRESETSHOWDIMMER="0" SSLPRESETDEFAULTPRESET="0" SSLPRESETTARGET="11" SSLPRESETPARAMMIN="49" SSLPRESETPARAMMAX="0" SSLPRESETLEVELMIN="0" SSLPRESETLEVELMAX="127" SSLPRESETEFFECTTYPE="0" SSLPRESETRANDOM="0" SSLPRESETPRIORITY="0" />
              <SSLPRESET SSLPRESETTYPE="11" SSLPRESETNAME="LLoop" SSLPRESETICON="scanlibrary\icon\presets\rotation\rotleft" SSLPRESETDMXSTART="192" SSLPRESETDMXEND="255" SSLPRESETDMXDEFAULT="223" SSLPRESETSHOWDIMMER="0" SSLPRESETDEFAULTPRESET="0" SSLPRESETTARGET="11" SSLPRESETPARAMMIN="0" SSLPRESETPARAMMAX="50" SSLPRESETLEVELMIN="0" SSLPRESETLEVELMAX="127" SSLPRESETEFFECTTYPE="1" SSLPRESETRANDOM="0" SSLPRESETPRIORITY="0" />
            </SSLPRESETS>
          </SSLCHANNEL>
          <SSLCHANNEL SSLCHANNELTYPE="9" SSLCHANNELNAME="RotGobo" SSLCHANNELTYPEINDEX="0" SSLCHANNELMINPRESETID="0" SSLCHANNELMSB="0" SSLCHANNELLSB="0" SSLCHANNEL2PRESETS="0">
            <SSLPRESETS SSLNBPRESET="3">
              <SSLPRESET SSLPRESETTYPE="9" SSLPRESETNAME="Index" SSLPRESETICON="scanlibrary\icon\presets\rotation\rotindex" SSLPRESETDMXSTART="0" SSLPRESETDMXEND="127" SSLPRESETDMXDEFAULT="0" SSLPRESETSHOWDIMMER="0" SSLPRESETDEFAULTPRESET="1" SSLPRESETTARGET="11" SSLPRESETPARAMMIN="0" SSLPRESETPARAMMAX="540" SSLPRESETLEVELMIN="0" SSLPRESETLEVELMAX="255" SSLPRESETEFFECTTYPE="0" SSLPRESETRANDOM="0" SSLPRESETPRIORITY="0" />
              <SSLPRESET SSLPRESETTYPE="8" SSLPRESETNAME="RLoop" SSLPRESETICON="scanlibrary\icon\presets\rotation\rotright" SSLPRESETDMXSTART="128" SSLPRESETDMXEND="191" SSLPRESETDMXDEFAULT="159" SSLPRESETSHOWDIMMER="0" SSLPRESETDEFAULTPRESET="0" SSLPRESETTARGET="11" SSLPRESETPARAMMIN="41" SSLPRESETPARAMMAX="0" SSLPRESETLEVELMIN="0" SSLPRESETLEVELMAX="255" SSLPRESETEFFECTTYPE="0" SSLPRESETRANDOM="0" SSLPRESETPRIORITY="0" />
              <SSLPRESET SSLPRESETTYPE="8" SSLPRESETNAME="LLoop" SSLPRESETICON="scanlibrary\icon\presets\rotation\rotleft" SSLPRESETDMXSTART="192" SSLPRESETDMXEND="255" SSLPRESETDMXDEFAULT="223" SSLPRESETSHOWDIMMER="0" SSLPRESETDEFAULTPRESET="0" SSLPRESETTARGET="11" SSLPRESETPARAMMIN="0" SSLPRESETPARAMMAX="49" SSLPRESETLEVELMIN="0" SSLPRESETLEVELMAX="255" SSLPRESETEFFECTTYPE="1" SSLPRESETRANDOM="0" SSLPRESETPRIORITY="0" />
            </SSLPRESETS>
          </SSLCHANNEL>
          <SSLCHANNEL SSLCHANNELTYPE="15" SSLCHANNELNAME="Shutter" SSLCHANNELTYPEINDEX="0" SSLCHANNELMINPRESETID="0" SSLCHANNELMSB="0" SSLCHANNELLSB="0" SSLCHANNEL2PRESETS="0">
            <SSLPRESETS SSLNBPRESET="4">
              <SSLPRESET SSLPRESETTYPE="19" SSLPRESETNAME="Shutter open" SSLPRESETICON="scanlibrary\icon\presets\shutter\shutteropen" SSLPRESETDMXSTART="0" SSLPRESETDMXEND="15" SSLPRESETDMXDEFAULT="7" SSLPRESETSHOWDIMMER="0" SSLPRESETDEFAULTPRESET="1" />
              <SSLPRESET SSLPRESETTYPE="20" SSLPRESETNAME="Close" SSLPRESETICON="scanlibrary\icon\presets\shutter\shutterclose" SSLPRESETDMXSTART="16" SSLPRESETDMXEND="31" SSLPRESETDMXDEFAULT="23" SSLPRESETSHOWDIMMER="0" SSLPRESETDEFAULTPRESET="0" />
              <SSLPRESET SSLPRESETTYPE="21" SSLPRESETNAME="Strob" SSLPRESETICON="scanlibrary\icon\presets\shutter\shutterstrob" SSLPRESETDMXSTART="32" SSLPRESETDMXEND="135" SSLPRESETDMXDEFAULT="50" SSLPRESETSHOWDIMMER="0" SSLPRESETDEFAULTPRESET="0" SSLPRESETPARAMMIN="116" SSLPRESETPARAMMAX="0" SSLPRESETLEVELMIN="0" SSLPRESETLEVELMAX="255" SSLPRESETEFFECTTYPE="0" SSLPRESETRANDOM="0" SSLPRESETPRIORITY="0" />
              <SSLPRESET SSLPRESETTYPE="22" SSLPRESETNAME="Flash" SSLPRESETICON="ScanLibrary/icon/Presets/Shutter/ShutterStrobFlash" SSLPRESETDMXSTART="136" SSLPRESETDMXEND="255" SSLPRESETDMXDEFAULT="195" SSLPRESETSHOWDIMMER="1" SSLPRESETDEFAULTPRESET="0" SSLPRESETPARAMMIN="0" SSLPRESETPARAMMAX="250" SSLPRESETLEVELMIN="0" SSLPRESETLEVELMAX="255" SSLPRESETEFFECTTYPE="0" SSLPRESETRANDOM="1" SSLPRESETPRIORITY="0" />
            </SSLPRESETS>
          </SSLCHANNEL>
          <SSLCHANNEL SSLCHANNELTYPE="8" SSLCHANNELNAME="Gobo 2" SSLCHANNELTYPEINDEX="0" SSLCHANNELMINPRESETID="0" SSLCHANNELMSB="0" SSLCHANNELLSB="0" SSLCHANNEL2PRESETS="0">
            <SSLPRESETS SSLNBPRESET="9">
              <SSLPRESET SSLPRESETTYPE="7" SSLPRESETNAME="Open" SSLPRESETICON="scanlibrary\icon\gopen" SSLPRESETDMXSTART="0" SSLPRESETDMXEND="30" SSLPRESETDMXDEFAULT="15" SSLPRESETSHOWDIMMER="0" SSLPRESETDEFAULTPRESET="1" SSLPRESETCOLOR="16777215" SSLPRESETROTARY="1" SSLPRESETSHAKE="1" SSLPRESETSELFROTARY="0" SSLPRESETINDEX="0" SSLPRESETPARAMMIN="0" SSLPRESETPARAMMAX="0" SSLPRESETLEVELMIN="0" SSLPRESETLEVELMAX="255" SSLPRESETEFFECTTYPE="0" SSLPRESETRANDOM="0" SSLPRESETPRIORITY="0" />
              <SSLPRESET SSLPRESETTYPE="7" SSLPRESETNAME="4BeamColor" SSLPRESETICON="scanlibrary\icon\g4beamcolor" SSLPRESETDMXSTART="31" SSLPRESETDMXEND="61" SSLPRESETDMXDEFAULT="46" SSLPRESETSHOWDIMMER="0" SSLPRESETDEFAULTPRESET="0" SSLPRESETCOLOR="16777215" SSLPRESETROTARY="1" SSLPRESETSHAKE="1" SSLPRESETSELFROTARY="0" SSLPRESETINDEX="0" SSLPRESETPARAMMIN="0" SSLPRESETPARAMMAX="0" SSLPRESETLEVELMIN="0" SSLPRESETLEVELMAX="255" SSLPRESETEFFECTTYPE="0" SSLPRESETRANDOM="0" SSLPRESETPRIORITY="0" />
              <SSLPRESET SSLPRESETTYPE="7" SSLPRESETNAME="Aflobet" SSLPRESETICON="scanlibrary\icon\gaflobet" SSLPRESETDMXSTART="62" SSLPRESETDMXEND="92" SSLPRESETDMXDEFAULT="77" SSLPRESETSHOWDIMMER="0" SSLPRESETDEFAULTPRESET="0" SSLPRESETCOLOR="16777215" SSLPRESETROTARY="1" SSLPRESETSHAKE="1" SSLPRESETSELFROTARY="0" SSLPRESETINDEX="0" SSLPRESETPARAMMIN="0" SSLPRESETPARAMMAX="0" SSLPRESETLEVELMIN="0" SSLPRESETLEVELMAX="255" SSLPRESETEFFECTTYPE="0" SSLPRESETRANDOM="0" SSLPRESETPRIORITY="0" />
              <SSLPRESET SSLPRESETTYPE="7" SSLPRESETNAME="PsychoCircles" SSLPRESETICON="scanlibrary\icon\gpsychocircles" SSLPRESETDMXSTART="93" SSLPRESETDMXEND="123" SSLPRESETDMXDEFAULT="108" SSLPRESETSHOWDIMMER="0" SSLPRESETDEFAULTPRESET="0" SSLPRESETCOLOR="16777215" SSLPRESETROTARY="1" SSLPRESETSHAKE="1" SSLPRESETSELFROTARY="0" SSLPRESETINDEX="0" SSLPRESETPARAMMIN="0" SSLPRESETPARAMMAX="0" SSLPRESETLEVELMIN="0" SSLPRESETLEVELMAX="255" SSLPRESETEFFECTTYPE="0" SSLPRESETRANDOM="0" SSLPRESETPRIORITY="0" />
              <SSLPRESET SSLPRESETTYPE="7" SSLPRESETNAME="Sunburst_507" SSLPRESETICON="scanlibrary\icon\gsunburst_507" SSLPRESETDMXSTART="124" SSLPRESETDMXEND="154" SSLPRESETDMXDEFAULT="139" SSLPRESETSHOWDIMMER="0" SSLPRESETDEFAULTPRESET="0" SSLPRESETCOLOR="16777215" SSLPRESETROTARY="1" SSLPRESETSHAKE="1" SSLPRESETSELFROTARY="0" SSLPRESETINDEX="0" SSLPRESETPARAMMIN="0" SSLPRESETPARAMMAX="0" SSLPRESETLEVELMIN="0" SSLPRESETLEVELMAX="255" SSLPRESETEFFECTTYPE="0" SSLPRESETRANDOM="0" SSLPRESETPRIORITY="0" />
              <SSLPRESET SSLPRESETTYPE="7" SSLPRESETNAME="WossitC104" SSLPRESETICON="scanlibrary\icon\gwossitc104" SSLPRESETDMXSTART="155" SSLPRESETDMXEND="185" SSLPRESETDMXDEFAULT="170" SSLPRESETSHOWDIMMER="0" SSLPRESETDEFAULTPRESET="0" SSLPRESETCOLOR="16777215" SSLPRESETROTARY="1" SSLPRESETSHAKE="1" SSLPRESETSELFROTARY="0" SSLPRESETINDEX="0" SSLPRESETPARAMMIN="0" SSLPRESETPARAMMAX="0" SSLPRESETLEVELMIN="0" SSLPRESETLEVELMAX="255" SSLPRESETEFFECTTYPE="0" SSLPRESETRANDOM="0" SSLPRESETPRIORITY="0" />
              <SSLPRESET SSLPRESETTYPE="7" SSLPRESETNAME="PaintMix" SSLPRESETICON="scanlibrary\icon\gpaintmix" SSLPRESETDMXSTART="186" SSLPRESETDMXEND="216" SSLPRESETDMXDEFAULT="201" SSLPRESETSHOWDIMMER="0" SSLPRESETDEFAULTPRESET="0" SSLPRESETCOLOR="16777215" SSLPRESETROTARY="1" SSLPRESETSHAKE="1" SSLPRESETSELFROTARY="0" SSLPRESETINDEX="0" SSLPRESETPARAMMIN="0" SSLPRESETPARAMMAX="0" SSLPRESETLEVELMIN="0" SSLPRESETLEVELMAX="255" SSLPRESETEFFECTTYPE="0" SSLPRESETRANDOM="0" SSLPRESETPRIORITY="0" />
              <SSLPRESET SSLPRESETTYPE="7" SSLPRESETNAME="Burst1" SSLPRESETICON="scanlibrary\icon\gburst1" SSLPRESETDMXSTART="217" SSLPRESETDMXEND="247" SSLPRESETDMXDEFAULT="232" SSLPRESETSHOWDIMMER="0" SSLPRESETDEFAULTPRESET="0" SSLPRESETCOLOR="16777215" SSLPRESETROTARY="1" SSLPRESETSHAKE="1" SSLPRESETSELFROTARY="0" SSLPRESETINDEX="0" SSLPRESETPARAMMIN="0" SSLPRESETPARAMMAX="0" SSLPRESETLEVELMIN="0" SSLPRESETLEVELMAX="255" SSLPRESETEFFECTTYPE="0" SSLPRESETRANDOM="0" SSLPRESETPRIORITY="0" />
              <SSLPRESET SSLPRESETTYPE="7" SSLPRESETNAME="Glass3" SSLPRESETICON="scanlibrary\icon\gglass3" SSLPRESETDMXSTART="248" SSLPRESETDMXEND="255" SSLPRESETDMXDEFAULT="248" SSLPRESETSHOWDIMMER="0" SSLPRESETDEFAULTPRESET="0" SSLPRESETCOLOR="16777215" SSLPRESETROTARY="1" SSLPRESETSHAKE="1" SSLPRESETSELFROTARY="0" SSLPRESETINDEX="0" SSLPRESETPARAMMIN="0" SSLPRESETPARAMMAX="0" SSLPRESETLEVELMIN="0" SSLPRESETLEVELMAX="255" SSLPRESETEFFECTTYPE="0" SSLPRESETRANDOM="0" SSLPRESETPRIORITY="0" />
            </SSLPRESETS>
          </SSLCHANNEL>
          <SSLCHANNEL SSLCHANNELTYPE="9" SSLCHANNELNAME="RotGobo 2" SSLCHANNELTYPEINDEX="0" SSLCHANNELMINPRESETID="0" SSLCHANNELMSB="0" SSLCHANNELLSB="0" SSLCHANNEL2PRESETS="0">
            <SSLPRESETS SSLNBPRESET="3">
              <SSLPRESET SSLPRESETTYPE="9" SSLPRESETNAME="Index" SSLPRESETICON="scanlibrary\icon\presets\rotation\rotindex" SSLPRESETDMXSTART="0" SSLPRESETDMXEND="127" SSLPRESETDMXDEFAULT="0" SSLPRESETSHOWDIMMER="0" SSLPRESETDEFAULTPRESET="1" SSLPRESETTARGET="14" SSLPRESETPARAMMIN="0" SSLPRESETPARAMMAX="540" SSLPRESETLEVELMIN="0" SSLPRESETLEVELMAX="255" SSLPRESETEFFECTTYPE="0" SSLPRESETRANDOM="0" SSLPRESETPRIORITY="0" />
              <SSLPRESET SSLPRESETTYPE="8" SSLPRESETNAME="RLoop" SSLPRESETICON="scanlibrary\icon\presets\rotation\rotright" SSLPRESETDMXSTART="128" SSLPRESETDMXEND="191" SSLPRESETDMXDEFAULT="159" SSLPRESETSHOWDIMMER="0" SSLPRESETDEFAULTPRESET="0" SSLPRESETTARGET="14" SSLPRESETPARAMMIN="41" SSLPRESETPARAMMAX="0" SSLPRESETLEVELMIN="0" SSLPRESETLEVELMAX="255" SSLPRESETEFFECTTYPE="0" SSLPRESETRANDOM="0" SSLPRESETPRIORITY="0" />
              <SSLPRESET SSLPRESETTYPE="8" SSLPRESETNAME="LLoop" SSLPRESETICON="scanlibrary\icon\presets\rotation\rotleft" SSLPRESETDMXSTART="192" SSLPRESETDMXEND="255" SSLPRESETDMXDEFAULT="223" SSLPRESETSHOWDIMMER="0" SSLPRESETDEFAULTPRESET="0" SSLPRESETTARGET="14" SSLPRESETPARAMMIN="0" SSLPRESETPARAMMAX="49" SSLPRESETLEVELMIN="0" SSLPRESETLEVELMAX="255" SSLPRESETEFFECTTYPE="1" SSLPRESETRANDOM="0" SSLPRESETPRIORITY="0" />
            </SSLPRESETS>
          </SSLCHANNEL>
          <SSLCHANNEL SSLCHANNELTYPE="19" SSLCHANNELNAME="Prism" SSLCHANNELTYPEINDEX="0" SSLCHANNELMINPRESETID="0" SSLCHANNELMSB="0" SSLCHANNELLSB="0" SSLCHANNEL2PRESETS="0">
            <SSLPRESETS SSLNBPRESET="4">
              <SSLPRESET SSLPRESETTYPE="31" SSLPRESETNAME="No Prism" SSLPRESETICON="ScanLibrary/icon/Presets/Prism/POpen" SSLPRESETDMXSTART="0" SSLPRESETDMXEND="25" SSLPRESETDMXDEFAULT="12" SSLPRESETSHOWDIMMER="0" SSLPRESETDEFAULTPRESET="1" SSLPRESETPRISMTYPE="0" SSLPRESETROTARY="0" />
              <SSLPRESET SSLPRESETTYPE="31" SSLPRESETNAME="1Half" SSLPRESETICON="scanlibrary\icon\presets\prism\prism2f" SSLPRESETDMXSTART="26" SSLPRESETDMXEND="100" SSLPRESETDMXDEFAULT="63" SSLPRESETSHOWDIMMER="0" SSLPRESETDEFAULTPRESET="0" SSLPRESETPRISMTYPE="1" SSLPRESETROTARY="1" SSLPRESETSELFROTARY="0" SSLPRESETINDEX="0" />
              <SSLPRESET SSLPRESETTYPE="31" SSLPRESETNAME="3Facet" SSLPRESETICON="scanlibrary\icon\presets\prism\prism3f" SSLPRESETDMXSTART="101" SSLPRESETDMXEND="174" SSLPRESETDMXDEFAULT="137" SSLPRESETSHOWDIMMER="0" SSLPRESETDEFAULTPRESET="0" SSLPRESETPRISMTYPE="2" SSLPRESETROTARY="1" SSLPRESETSELFROTARY="0" SSLPRESETINDEX="0" />
              <SSLPRESET SSLPRESETTYPE="31" SSLPRESETNAME="4Facet" SSLPRESETICON="scanlibrary\icon\presets\prism\prism4f" SSLPRESETDMXSTART="175" SSLPRESETDMXEND="255" SSLPRESETDMXDEFAULT="215" SSLPRESETSHOWDIMMER="0" SSLPRESETDEFAULTPRESET="0" SSLPRESETPRISMTYPE="3" SSLPRESETROTARY="1" SSLPRESETSELFROTARY="0" SSLPRESETINDEX="0" />
            </SSLPRESETS>
          </SSLCHANNEL>
          <SSLCHANNEL SSLCHANNELTYPE="20" SSLCHANNELNAME="Prism rotation" SSLCHANNELTYPEINDEX="0" SSLCHANNELMINPRESETID="0" SSLCHANNELMSB="0" SSLCHANNELLSB="0" SSLCHANNEL2PRESETS="0">
            <SSLPRESETS SSLNBPRESET="3">
              <SSLPRESET SSLPRESETTYPE="40" SSLPRESETNAME="Rotation Off" SSLPRESETICON="scanlibrary\icon\presets\rotation\rotoff" SSLPRESETDMXSTART="0" SSLPRESETDMXEND="10" SSLPRESETDMXDEFAULT="5" SSLPRESETSHOWDIMMER="0" SSLPRESETDEFAULTPRESET="1" />
              <SSLPRESET SSLPRESETTYPE="32" SSLPRESETNAME="3FacetLeft" SSLPRESETICON="scanlibrary\icon\presets\rotation\prismrotleft" SSLPRESETDMXSTART="11" SSLPRESETDMXEND="127" SSLPRESETDMXDEFAULT="69" SSLPRESETSHOWDIMMER="0" SSLPRESETDEFAULTPRESET="0" SSLPRESETTARGET="16" SSLPRESETPARAMMIN="50" SSLPRESETPARAMMAX="0" SSLPRESETLEVELMIN="0" SSLPRESETLEVELMAX="255" SSLPRESETEFFECTTYPE="0" SSLPRESETRANDOM="0" SSLPRESETPRIORITY="0" />
              <SSLPRESET SSLPRESETTYPE="32" SSLPRESETNAME="3FacetRight" SSLPRESETICON="scanlibrary\icon\presets\rotation\prismrotright" SSLPRESETDMXSTART="128" SSLPRESETDMXEND="255" SSLPRESETDMXDEFAULT="191" SSLPRESETSHOWDIMMER="0" SSLPRESETDEFAULTPRESET="0" SSLPRESETTARGET="16" SSLPRESETPARAMMIN="49" SSLPRESETPARAMMAX="0" SSLPRESETLEVELMIN="0" SSLPRESETLEVELMAX="255" SSLPRESETEFFECTTYPE="1" SSLPRESETRANDOM="0" SSLPRESETPRIORITY="0" />
            </SSLPRESETS>
          </SSLCHANNEL>
        </SSLMODE>
      </SSLMODES>
    </SSLLIBRARY>
  </FxModel>
</fxModel>
