<Global Author="dylan" Version="1.0" Suite3Date="May 26 2021" WhiteMode="1" ShowEditRGBVal="0" ClassementPages="0" InfosPages="1" AutoDetectInterfaces="1" EthernetIP="1" EthernetArtnetUsed="-1" RSVertical="1" RSRotary="0" EasyViewAutoStart="1" CompressWindowTransparency="255" EditeurWriteDmxInFile="0" EditeurDummies="0" Percent="0" DockPresetsTab="2" ShowTextInEffectSelector="1" EditeurShowIndexChannel="0" EditeurCtrlPanTiltResolutionMouse="10" EditeurCtrlPanTiltResolutionArrow="10" EditeurCtrlPanTiltFlagLock="0">
  <ClassementPages />
  <SSButton SX="1.00" SY="1.00" Icon="1.00" />
  <SSButton SX="1.00" SY="1.50" Icon="1.00" />
  <SSButton SX="1.00" SY="1.50" Icon="1.50" />
  <SSButton SX="1.00" SY="2.00" Icon="1.50" />
  <Lock Lock="0" Password="" AskPassword="1" LinkMidi="1" StartingParam="1" OpenSaveShow="1" CreatePage="1" Print="1" MidiConsoleChange="1" MidiConsoleSetting="1" DockClose="1" DockMove="1" PaletteWindow="1" StandAloneWindow="1" EasyView="1" SoundToLight="1" />
  <SkRecLiveMode Key="0" Flag="1" />
  <SkReleaseLiveMode Key="0" Flag="1" />
  <SkRecButMode Key="0" Flag="1" />
  <SkReleaseButMode Key="0" Flag="1" />
  <SkCyclePlay Key="120" Flag="0" />
  <SkCycleStop Key="0" Flag="1" />
  <SkCyclePause Key="121" Flag="0" />
  <SkCycleGoNext Key="123" Flag="0" />
  <SkCycleGoPrevious Key="122" Flag="0" />
  <SkCycleGoNextPause Key="0" Flag="1" />
  <SkCycleGoPreviousPause Key="0" Flag="1" />
  <SkCycleGoNextPauseOrPLay Key="0" Flag="1" />
  <SkCycleCalcTimeElement Key="0" Flag="1" />
  <SkCycleAddMarker Key="0" Flag="1" />
  <SkBPMManual Key="0" Flag="1" />
  <SkBeamOn Key="0" Flag="1" />
  <SkBeamOff Key="0" Flag="1" />
  <SkGenDimmer Key="0" Flag="1" />
  <SkGenDimmerOff Key="0" Flag="1" />
  <SkGenIris Key="0" Flag="1" />
  <SkGenIrisOff Key="0" Flag="1" />
  <SkGenZoom Key="0" Flag="1" />
  <SkGenZoomOff Key="0" Flag="1" />
  <SkSoundtolightTap Key="0" Flag="1" />
  <SkSoundtolightReset Key="0" Flag="1" />
  <SkUpdateFavori Key="0" Flag="1" />
  <SkEditorXY Key="0" Flag="1" />
  <SkEditorClose Key="0" Flag="1" />
  <AutoSave Enable="0" Time="60" Splash="1" />
  <Midi MidiInAll="1" MidiOutAll="1" />
  <Audio Activated="1" NbTap="4" BpmMin="20" BpmMax="400" Type="6" BPMVal="120" Solo="1" MasterGain="50" MasterSmoothyUp="1" MasterSmoothyDown="1">
    <ModulFreq Name="Low" Freq="40" Q="430" Gain="50" MasterSmoothyUp="1" MasterSmoothyDown="1" />
    <ModulFreq Name="Mid" Freq="730" Q="314" Gain="50" MasterSmoothyUp="1" MasterSmoothyDown="1" />
    <ModulFreq Name="High" Freq="7200" Q="229" Gain="50" MasterSmoothyUp="1" MasterSmoothyDown="1" />
  </Audio>
  <Calendar Latitude="48870" Longitude="2330" />
  <DockCycle HLC_Time="1" HLC_RelativeTime="1" HLC_ModeState="1" HLC_Pause="1" HLC_BeforeFadeIn="1" HLC_FadeIn="1" HLC_BeforeFadeOut="1" HLC_FadeOut="1" Zoom="0.213383" Ratio="-2.913043" />
  <Console ShowTooltips="1" ShowSettingsAfterLink="0" AffectImageAfterLink="1" />
  <Video FullScreen="0" CloseFinished="1" AllwaysShown="0" HideMouse="1" CloseEscape="1" IdMonitor="0" />
  <MouseAction Left="1" LeftShift="6" LeftControl="3" LeftAlt="3" Right="2" RightShift="7" RightControl="4" RightAlt="4" LoadCycle="1" />
  <Page ButtonGenerique="" ButtonGeneriqueColor="#004080" ButtonGeneriqueColorOn="#004080" ButtonScene="_DefaultSuite3Invert.png" ButtonSceneColor="#FFE800" ButtonSceneColorOn="#FFE800" ButtonSwitch="_DefaultSuite3Invert.png" ButtonSwitchColor="#FC0000" ButtonSwitchColorOn="#FC0000" ButtonCycle="_DefaultSuite3Invert.png" ButtonCycleColor="#1EF9FF" ButtonCycleColorOn="#1EF9FF" RSSpeed34="S3_RSB_34.xml" RSDimmer34="S3_RSB_34.xml" RSPhase34="S3_RSB_34.xml" RSSize34="S3_RSB_34.xml" RSSpeed44="s3_rsb_44.xml" RSDimmer44="s3_rsb_44.xml" RSPhase44="s3_rsb_44.xml" RSSize44="s3_rsb_44.xml" RSDefault="S3_RSB_44.xml" />
  <VisuDmx Size="24" ShowFixtureBeam="1" _VisuDmxAllFxNameShow="2" _VisuDmxAllFxNameFontCustom="0" _VisuDmxAllFxNameFontclrCustom="0" _VisuDmxAllFxNameZoneclrCustom="0" _VisuDmxAllFxChannelsNameShow="2" _VisuDmxAllFxChannelsNameFontCustom="0" _VisuDmxAllFxChannelsNameFontclrCustom="0" _VisuDmxAllFxChannelsNameZoneclrCustom="0" _VisuDmxAllFxPresetsImageShow="2">
    <_VisuDmxAllFxNameFont lfHeight="12" lfWidth="0" lfEscapement="0" lfOrientation="0" lfWeight="400" lfItalic="0" lfUnderline="0" lfStrikeOut="0" lfCharSet="1" lfOutPrecision="0" lfClipPrecision="0" lfQuality="0" lfPitchAndFamily="32" lfFaceName="Arial" />
    <_VisuDmxAllFxNameFontclrArray data0="-1" data1="-1" data2="-1" data3="-1" data4="-1" data5="-1" data6="-1" data7="-1" data8="-1" data9="-1" />
    <_VisuDmxAllFxNameZoneclrArray data0="-1" data1="-1" data2="-1" data3="-1" data4="-1" data5="-1" data6="-1" data7="-1" data8="-1" data9="-1" />
    <_VisuDmxAllFxChannelsNameFont lfHeight="12" lfWidth="0" lfEscapement="0" lfOrientation="0" lfWeight="400" lfItalic="0" lfUnderline="0" lfStrikeOut="0" lfCharSet="1" lfOutPrecision="0" lfClipPrecision="0" lfQuality="0" lfPitchAndFamily="32" lfFaceName="Arial" />
    <_VisuDmxAllFxChannelsNameFontclrArray data0="-1" data1="-1" data2="-1" data3="-1" data4="-1" data5="-1" data6="-1" data7="-1" data8="-1" data9="-1" />
    <_VisuDmxAllFxChannelsNameZoneclrArray data0="-1" data1="-1" data2="-1" data3="-1" data4="-1" data5="-1" data6="-1" data7="-1" data8="-1" data9="-1" />
  </VisuDmx>
  <DockFixtures MergeColorFct="0" DrawIris="1" DrawGobo="1" ZoomFixture="300" ShowFixtureBeam="1" ShowFixtureName="0" ShowFixtureIndex="1" ShowFixtureMaster="0" />
</Global>
