<PaletteEditor Author="dylan" Version="1.0" AutoSave="0" LiveMode="1" EditeurCtrlPanTiltResolutionMouse="40" EditeurCtrlPanTiltResolutionArrow="40" ZoomFixture="100">
  <Fxs>
    <Fx ID="1" PX="-1" PY="-1" />
    <Fx ID="2" PX="-1" PY="-1" />
    <Fx ID="3" PX="-1" PY="-1" />
    <Fx ID="4" PX="-1" PY="-1" />
    <Fx ID="5" PX="-1" PY="-1" />
    <Fx ID="6" PX="-1" PY="-1" />
    <Fx ID="7" PX="-1" PY="-1" />
    <Fx ID="8" PX="-1" PY="-1" />
    <Fx ID="9" PX="-1" PY="-1" />
    <Fx ID="10" PX="-1" PY="-1" />
    <Fx ID="11" PX="-1" PY="-1" />
    <Fx ID="12" PX="-1" PY="-1" />
    <Fx ID="13" PX="-1" PY="-1" />
    <Fx ID="14" PX="-1" PY="-1" />
    <Fx ID="15" PX="-1" PY="-1" />
    <Fx ID="16" PX="-1" PY="-1" />
    <Fx ID="17" PX="-1" PY="-1" />
    <Fx ID="18" PX="-1" PY="-1" />
    <Fx ID="19" PX="-1" PY="-1" />
    <Fx ID="20" PX="-1" PY="-1" />
    <Fx ID="21" PX="-1" PY="-1" />
    <Fx ID="22" PX="-1" PY="-1" />
    <Fx ID="23" PX="-1" PY="-1" />
    <Fx ID="24" PX="-1" PY="-1" />
    <Fx ID="25" PX="-1" PY="-1" />
    <Fx ID="26" PX="-1" PY="-1" />
    <Fx ID="27" PX="-1" PY="-1" />
    <Fx ID="28" PX="-1" PY="-1" />
    <Fx ID="29" PX="-1" PY="-1" />
    <Fx ID="30" PX="-1" PY="-1" />
    <Fx ID="31" PX="-1" PY="-1" />
    <Fx ID="32" PX="-1" PY="-1" />
    <Fx ID="33" PX="-1" PY="-1" />
    <Fx ID="34" PX="-1" PY="-1" />
    <Fx ID="35" PX="-1" PY="-1" />
    <Fx ID="36" PX="-1" PY="-1" />
    <Fx ID="37" PX="-1" PY="-1" />
    <Fx ID="38" PX="-1" PY="-1" />
    <Fx ID="39" PX="-1" PY="-1" />
    <Fx ID="40" PX="-1" PY="-1" />
    <Fx ID="41" PX="-1" PY="-1" />
    <Fx ID="42" PX="-1" PY="-1" />
    <Fx ID="43" PX="-1" PY="-1" />
    <Fx ID="44" PX="-1" PY="-1" />
    <Fx ID="45" PX="-1" PY="-1" />
    <Fx ID="46" PX="-1" PY="-1" />
    <Fx ID="47" PX="-1" PY="-1" />
    <Fx ID="48" PX="-1" PY="-1" />
    <Fx ID="49" PX="-1" PY="-1" />
    <Fx ID="50" PX="-1" PY="-1" />
    <Fx ID="51" PX="-1" PY="-1" />
    <Fx ID="52" PX="-1" PY="-1" />
  </Fxs>
</PaletteEditor>
